Workbook

Sheet Instructions
A1: Howell Family Properties — Restock & Inventory Data Model
A2: Working prototype of the data structure behind the restocking app
A5: What this is | B5: This workbook mirrors the database tables the real web app will use: Properties, Item Catalog, Par Levels, Restock Log, and Repair & Photo Notes. The Dashboard tab is auto-calculated from the other tabs, the same way the app's dashboard will work — nothing on it is typed in by hand.
A6: How to use it now | B6: Fill in your actual 60+ properties on the Properties tab (8 sample rows are there as a format guide). Do the same for your real item list and vendors on Item Catalog. Par Levels tells the system how much of each item belongs at each property. Restock Log is what your crew would log after every visit — in the real app this is the screen they use on their phone. Dashboard then tells you what's overdue, what's urgent, and what needs reordering, automatically.
A7: Color legend
A8: Blue text | B8: Editable input — safe to type over.
A9: Black text | B9: Formula — pulls from another tab, don't overwrite.
A10: Yellow fill | B10: Key fields to fill in first when adding a new property or item.
A11: Tabs
A12: Properties | B12: One row per property: address, type, cleaning team, restock cadence, and the live 'urgent restock requested' flag — this is the field the one-tap crew button will set in the real app.
A13: Item Catalog | B13: Every stockable item, its central warehouse quantity, and the reorder threshold/quantity. 'Needs Reorder?' calculates itself.
A14: Par Levels | B14: The target quantity of each item that belongs at each property — the 'stocked to' amount.
A15: Restock Log | B15: Every restock event: what was dropped off, where, when, by whom, and whether it was an urgent/early visit.
A16: Repair & Photo Notes | B16: Field notes and photo references tied to a property — for repairs or restock issues, separate from routine restocking.
A17: Dashboard | B17: Auto-calculated: last restock date, next due date, days until due, and a status (URGENT / OVERDUE / DUE SOON / OK) per property, plus portfolio-wide summary counts.
A18: Next step | B18: Once this structure is validated against how you actually operate, it becomes the schema for the real web app — same tables, same fields, but with logins, phone-camera upload, push alerts, and auto-scheduling instead of manual spreadsheet entry.

Sheet Dashboard
A1: Restock Dashboard
A2: Everything below is calculated from Properties, Item Catalog, Par Levels, and Restock Log — nothing here is typed in.
A4: Portfolio Summary
A5: Total Active Properties | B5: =COUNTIF(Properties!H2:H101,"Y") -> 8
A6: Urgent Restock Requests | B6: =COUNTIF(Properties!G2:G101,"Y") -> 1
A7: Properties Overdue | B7: =COUNTIF(I11:I110,"OVERDUE") -> 2
A8: Properties Due Soon (<=7 days) | B8: =COUNTIF(I11:I110,"DUE SOON") -> 1
A9: Items Needing Reorder | B9: =COUNTIF('Item Catalog'!J2:J200,"YES") -> 1
A10: Property ID | B10: Property Name | C10: Type | D10: Restock Frequency (Days) | E10: Last Restock Date | F10: Next Restock Due | G10: Days Until Due | H10: Urgent Requested? | I10: Status
A11: =IF(Properties!A2="","",Properties!A2) -> P001 | B11: =IF($A11="","",Properties!B2) -> 4521 NW 12th St Unit A, Oklahoma City, OK | C11: =IF($A11="","",Properties!C2) -> STR | D11: =IF($A11="","",Properties!F2) -> 14 | E11: =IF($A11="","",IFERROR(IF(_xlfn.MAXIFS('Restock Log'!$D:$D,'Restock Log'!$B:$B,A11)=0,"None",_xlfn.MAXIFS('Restock Log'!$D:$D,'Restock Log'!$B:$B,A11)),"None")) -> 46264 | F11: =IF($A11="","",IF(E11="None","",E11+D11)) -> 46278 | G11: =IF($A11="","",IF(F11="","",F11-TODAY())) -> 4 | H11: =IF($A11="","",Properties!G2) -> N | I11: =IF($A11="","",IF(H11="Y","URGENT",IF(E11="None","NOT SET",IF(G11<0,"OVERDUE",IF(G11<=7,"DUE SOON","OK"))))) -> DUE SOON
A12: =IF(Properties!A3="","",Properties!A3) -> P002 | B12: =IF($A12="","",Properties!B3) -> 4523 NW 12th St Unit B, Oklahoma City, OK | C12: =IF($A12="","",Properties!C3) -> STR | D12: =IF($A12="","",Properties!F3) -> 14 | E12: =IF($A12="","",IFERROR(IF(_xlfn.MAXIFS('Restock Log'!$D:$D,'Restock Log'!$B:$B,A12)=0,"None",_xlfn.MAXIFS('Restock Log'!$D:$D,'Restock Log'!$B:$B,A12)),"None")) -> 46266 | F12: =IF($A12="","",IF(E12="None","",E12+D12)) -> 46280 | G12: =IF($A12="","",IF(F12="","",F12-TODAY())) -> 6 | H12: =IF($A12="","",Properties!G3) -> Y | I12: =IF($A12="","",IF(H12="Y","URGENT",IF(E12="None","NOT SET",IF(G12<0,"OVERDUE",IF(G12<=7,"DUE SOON","OK"))))) -> URGENT
A13: =IF(Properties!A4="","",Properties!A4) -> P003 | B13: =IF($A13="","",Properties!B4) -> 4525 NW 12th St Unit C, Oklahoma City, OK | C13: =IF($A13="","",Properties!C4) -> STR | D13: =IF($A13="","",Properties!F4) -> 14 | E13: =IF($A13="","",IFERROR(IF(_xlfn.MAXIFS('Restock Log'!$D:$D,'Restock Log'!$B:$B,A13)=0,"None",_xlfn.MAXIFS('Restock Log'!$D:$D,'Restock Log'!$B:$B,A13)),"None")) -> 46249 | F13: =IF($A13="","",IF(E13="None","",E13+D13)) -> 46263 | G13: =IF($A13="","",IF(F13="","",F13-TODAY())) -> -11 | H13: =IF($A13="","",Properties!G4) -> N | I13: =IF($A13="","",IF(H13="Y","URGENT",IF(E13="None","NOT SET",IF(G13<0,"OVERDUE",IF(G13<=7,"DUE SOON","OK"))))) -> OVERDUE
A14: =IF(Properties!A5="","",Properties!A5) -> P004 | B14: =IF($A14="","",Properties!B5) -> 4527 NW 12th St Unit D, Oklahoma City, OK | C14: =IF($A14="","",Properties!C5) -> STR | D14: =IF($A14="","",Properties!F5) -> 14 | E14: =IF($A14="","",IFERROR(IF(_xlfn.MAXIFS('Restock Log'!$D:$D,'Restock Log'!$B:$B,A14)=0,"None",_xlfn.MAXIFS('Restock Log'!$D:$D,'Restock Log'!$B:$B,A14)),"None")) -> 46270 | F14: =IF($A14="","",IF(E14="None","",E14+D14)) -> 46284 | G14: =IF($A14="","",IF(F14="","",F14-TODAY())) -> 10 | H14: =IF($A14="","",Properties!G5) -> N | I14: =IF($A14="","",IF(H14="Y","URGENT",IF(E14="None","NOT SET",IF(G14<0,"OVERDUE",IF(G14<=7,"DUE SOON","OK"))))) -> OK
A15: =IF(Properties!A6="","",Properties!A6) -> P005 | B15: =IF($A15="","",Properties!B6) -> 1892 SE Grand Blvd, Oklahoma City, OK | C15: =IF($A15="","",Properties!C6) -> LTR | D15: =IF($A15="","",Properties!F6) -> 90 | E15: =IF($A15="","",IFERROR(IF(_xlfn.MAXIFS('Restock Log'!$D:$D,'Restock Log'!$B:$B,A15)=0,"None",_xlfn.MAXIFS('Restock Log'!$D:$D,'Restock Log'!$B:$B,A15)),"None")) -> 46174 | F15: =IF($A15="","",IF(E15="None","",E15+D15)) -> 46264 | G15: =IF($A15="","",IF(F15="","",F15-TODAY())) -> -10 | H15: =IF($A15="","",Properties!G6) -> N | I15: =IF($A15="","",IF(H15="Y","URGENT",IF(E15="None","NOT SET",IF(G15<0,"OVERDUE",IF(G15<=7,"DUE SOON","OK"))))) -> OVERDUE
A16: =IF(Properties!A7="","",Properties!A7) -> P006 | B16: =IF($A16="","",Properties!B7) -> 1140 SW 44th St, Oklahoma City, OK | C16: =IF($A16="","",Properties!C7) -> LTR | D16: =IF($A16="","",Properties!F7) -> 90 | E16: =IF($A16="","",IFERROR(IF(_xlfn.MAXIFS('Restock Log'!$D:$D,'Restock Log'!$B:$B,A16)=0,"None",_xlfn.MAXIFS('Restock Log'!$D:$D,'Restock Log'!$B:$B,A16)),"None")) -> 46218 | F16: =IF($A16="","",IF(E16="None","",E16+D16)) -> 46308 | G16: =IF($A16="","",IF(F16="","",F16-TODAY())) -> 34 | H16: =IF($A16="","",Properties!G7) -> N | I16: =IF($A16="","",IF(H16="Y","URGENT",IF(E16="None","NOT SET",IF(G16<0,"OVERDUE",IF(G16<=7,"DUE SOON","OK"))))) -> OK
A17: =IF(Properties!A8="","",Properties!A8) -> P007 | B17: =IF($A17="","",Properties!B8) -> 215 Douglas Blvd Unit A, Oklahoma City, OK 73117 | C17: =IF($A17="","",Properties!C8) -> HUD-VASH | D17: =IF($A17="","",Properties!F8) -> 60 | E17: =IF($A17="","",IFERROR(IF(_xlfn.MAXIFS('Restock Log'!$D:$D,'Restock Log'!$B:$B,A17)=0,"None",_xlfn.MAXIFS('Restock Log'!$D:$D,'Restock Log'!$B:$B,A17)),"None")) -> 46223 | F17: =IF($A17="","",IF(E17="None","",E17+D17)) -> 46283 | G17: =IF($A17="","",IF(F17="","",F17-TODAY())) -> 9 | H17: =IF($A17="","",Properties!G8) -> N | I17: =IF($A17="","",IF(H17="Y","URGENT",IF(E17="None","NOT SET",IF(G17<0,"OVERDUE",IF(G17<=7,"DUE SOON","OK"))))) -> OK
A18: =IF(Properties!A9="","",Properties!A9) -> P008 | B18: =IF($A18="","",Properties!B9) -> 215 Douglas Blvd Unit B, Oklahoma City, OK 73117 | C18: =IF($A18="","",Properties!C9) -> HUD-VASH | D18: =IF($A18="","",Properties!F9) -> 60 | E18: =IF($A18="","",IFERROR(IF(_xlfn.MAXIFS('Restock Log'!$D:$D,'Restock Log'!$B:$B,A18)=0,"None",_xlfn.MAXIFS('Restock Log'!$D:$D,'Restock Log'!$B:$B,A18)),"None")) -> 46239 | F18: =IF($A18="","",IF(E18="None","",E18+D18)) -> 46299 | G18: =IF($A18="","",IF(F18="","",F18-TODAY())) -> 25 | H18: =IF($A18="","",Properties!G9) -> N | I18: =IF($A18="","",IF(H18="Y","URGENT",IF(E18="None","NOT SET",IF(G18<0,"OVERDUE",IF(G18<=7,"DUE SOON","OK"))))) -> OK
A19: =IF(Properties!A10="","",Properties!A10) | B19: =IF($A19="","",Properties!B10) | C19: =IF($A19="","",Properties!C10) | D19: =IF($A19="","",Properties!F10) | E19: =IF($A19="","",IFERROR(IF(_xlfn.MAXIFS('Restock Log'!$D:$D,'Restock Log'!$B:$B,A19)=0,"None",_xlfn.MAXIFS('Restock Log'!$D:$D,'Restock Log'!$B:$B,A19)),"None")) | F19: =IF($A19="","",IF(E19="None","",E19+D19)) | G19: =IF($A19="","",IF(F19="","",F19-TODAY())) | H19: =IF($A19="","",Properties!G10) | I19: =IF($A19="","",IF(H19="Y","URGENT",IF(E19="None","NOT SET",IF(G19<0,"OVERDUE",IF(G19<=7,"DUE SOON","OK")))))
A20: =IF(Properties!A11="","",Properties!A11) | B20: =IF($A20="","",Properties!B11) | C20: =IF($A20="","",Properties!C11) | D20: =IF($A20="","",Properties!F11) | E20: =IF($A20="","",IFERROR(IF(_xlfn.MAXIFS('Restock Log'!$D:$D,'Restock Log'!$B:$B,A20)=0,"None",_xlfn.MAXIFS('Restock Log'!$D:$D,'Restock Log'!$B:$B,A20)),"None")) | F20: =IF($A20="","",IF(E20="None","",E20+D20)) | G20: =IF($A20="","",IF(F20="","",F20-TODAY())) | H20: =IF($A20="","",Properties!G11) | I20: =IF($A20="","",IF(H20="Y","URGENT",IF(E20="None","NOT SET",IF(G20<0,"OVERDUE",IF(G20<=7,"DUE SOON","OK")))))
A21: =IF(Properties!A12="","",Properties!A12) | B21: =IF($A21="","",Properties!B12) | C21: =IF($A21="","",Properties!C12) | D21: =IF($A21="","",Properties!F12) | E21: =IF($A21="","",IFERROR(IF(_xlfn.MAXIFS('Restock Log'!$D:$D,'Restock Log'!$B:$B,A21)=0,"None",_xlfn.MAXIFS('Restock Log'!$D:$D,'Restock Log'!$B:$B,A21)),"None")) | F21: =IF($A21="","",IF(E21="None","",E21+D21)) | G21: =IF($A21="","",IF(F21="","",F21-TODAY())) | H21: =IF($A21="","",Properties!G12) | I21: =IF($A21="","",IF(H21="Y","URGENT",IF(E21="None","NOT SET",IF(G21<0,"OVERDUE",IF(G21<=7,"DUE SOON","OK")))))
A22: =IF(Properties!A13="","",Properties!A13) | B22: =IF($A22="","",Properties!B13) | C22: =IF($A22="","",Properties!C13) | D22: =IF($A22="","",Properties!F13) | E22: =IF($A22="","",IFERROR(IF(_xlfn.MAXIFS('Restock Log'!$D:$D,'Restock Log'!$B:$B,A22)=0,"None",_xlfn.MAXIFS('Restock Log'!$D:$D,'Restock Log'!$B:$B,A22)),"None")) | F22: =IF($A22="","",IF(E22="None","",E22+D22)) | G22: =IF($A22="","",IF(F22="","",F22-TODAY())) | H22: =IF($A22="","",Properties!G13) | I22: =IF($A22="","",IF(H22="Y","URGENT",IF(E22="None","NOT SET",IF(G22<0,"OVERDUE",IF(G22<=7,"DUE SOON","OK")))))
... A110: =IF(Properties!A101="","",Properties!A101) | B110: =IF($A110="","",Properties!B101) | C110: =IF($A110="","",Properties!C101) | D110: =IF($A110="","",Properties!F101) | E110: =IF($A110="","",IFERROR(IF(_xlfn.MAXIFS('Restock Log'!$D:$D,'Restock Log'!$B:$B,A110)=0,"None",_xlfn.MAXIFS('Restock Log'!$D:$D,'Restock Log'!$B:$B,A110)),"None")) | F110: =IF($A110="","",IF(E110="None","",E110+D110)) | G110: =IF($A110="","",IF(F110="","",F110-TODAY())) | H110: =IF($A110="","",Properties!G101) | I110: =IF($A110="","",IF(H110="Y","URGENT",IF(E110="None","NOT SET",IF(G110<0,"OVERDUE",IF(G110<=7,"DUE SOON","OK")))))

Sheet Properties
A1: Property ID | B1: Property Name / Address | C1: Type | D1: Unit Count | E1: Assigned Cleaning Team | F1: Restock Frequency (Days) | G1: Urgent Restock Requested? | H1: Active? | I1: Hostaway Listing ID | J1: Source
A2: P001 | B2: 4521 NW 12th St Unit A, Oklahoma City, OK | C2: STR | D2: 1 | E2: Maria's Crew | F2: 14 | G2: N | H2: Y | J2: Manual
A3: P002 | B3: 4523 NW 12th St Unit B, Oklahoma City, OK | C3: STR | D3: 1 | E3: Maria's Crew | F3: 14 | G3: Y | H3: Y | J3: Manual
A4: P003 | B4: 4525 NW 12th St Unit C, Oklahoma City, OK | C4: STR | D4: 1 | E4: Maria's Crew | F4: 14 | G4: N | H4: Y | J4: Manual
A5: P004 | B5: 4527 NW 12th St Unit D, Oklahoma City, OK | C5: STR | D5: 1 | E5: Maria's Crew | F5: 14 | G5: N | H5: Y | J5: Manual
A6: P005 | B6: 1892 SE Grand Blvd, Oklahoma City, OK | C6: LTR | D6: 1 | E6: Carlos's Crew | F6: 90 | G6: N | H6: Y | J6: Manual
A7: P006 | B7: 1140 SW 44th St, Oklahoma City, OK | C7: LTR | D7: 1 | E7: Carlos's Crew | F7: 90 | G7: N | H7: Y | J7: Manual
A8: P007 | B8: 215 Douglas Blvd Unit A, Oklahoma City, OK 73117 | C8: HUD-VASH | D8: 1 | E8: James's Crew | F8: 60 | G8: N | H8: Y | J8: Manual
A9: P008 | B9: 215 Douglas Blvd Unit B, Oklahoma City, OK 73117 | C9: HUD-VASH | D9: 1 | E9: James's Crew | F9: 60 | G9: N | H9: Y | J9: Manual

Sheet Item Catalog
A1: Item ID | B1: Item Name | C1: Category | D1: Unit of Measure | E1: Central Stock Qty | F1: Reorder Threshold | G1: Reorder Qty | H1: Preferred Vendor | I1: Unit Cost | J1: Needs Reorder?
A2: I001 | B2: Toilet Paper (4pk) | C2: Toiletries | D2: roll | E2: 140 | F2: 60 | G2: 120 | H2: Amazon Business | I2: 8.5 | J2: =IF(E2<=F2,"YES","")
A3: I002 | B3: Paper Towels | C3: Paper Goods | D3: roll | E3: 90 | F3: 40 | G3: 80 | H3: Amazon Business | I3: 3.25 | J3: =IF(E3<=F3,"YES","")
A4: I003 | B4: Hand Soap | C4: Toiletries | D4: bottle | E4: 55 | F4: 24 | G4: 48 | H4: Amazon Business | I4: 4.1 | J4: =IF(E4<=F4,"YES","")
A5: I004 | B5: Dish Soap | C5: Kitchen | D5: bottle | E5: 48 | F5: 20 | G5: 40 | H5: Amazon Business | I5: 3.6 | J5: =IF(E5<=F5,"YES","")
A6: I005 | B6: Trash Bags | C6: Cleaning Supplies | D6: box | E6: 35 | F6: 15 | G6: 30 | H6: Direct Textile Store | I6: 9.75 | J6: =IF(E6<=F6,"YES","")
A7: I006 | B7: Laundry Pods | C7: Cleaning Supplies | D7: box | E7: 22 | F7: 10 | G7: 20 | H7: Amazon Business | I7: 14 | J7: =IF(E7<=F7,"YES","")
A8: I007 | B8: Coffee Pods | C8: Kitchen | D8: box | E8: 60 | F8: 25 | G8: 50 | H8: Amazon Business | I8: 12.5 | J8: =IF(E8<=F8,"YES","")
A9: I008 | B9: Dishwasher Pods | C9: Kitchen | D9: box | E9: 18 | F9: 12 | G9: 24 | H9: Amazon Business | I9: 11.25 | J9: =IF(E9<=F9,"YES","")
A10: I009 | B10: LED Light Bulb | C10: Maintenance | D10: each | E10: 40 | F10: 15 | G10: 30 | H10: Home Depot Pro | I10: 2.75 | J10: =IF(E10<=F10,"YES","")
A11: I010 | B11: AA Batteries (4pk) | C11: Maintenance | D11: each | E11: 25 | F11: 10 | G11: 20 | H11: Amazon Business | I11: 5.5 | J11: =IF(E11<=F11,"YES","")
A12: I011 | B12: HVAC Air Filter 16x20 | C12: Maintenance | D12: each | E12: 6 | F12: 8 | G12: 16 | H12: Home Depot Pro | I12: 13 | J12: =IF(E12<=F12,"YES","") -> YES
A13: I012 | B13: Welcome Toiletry Kit | C13: Toiletries | D13: each | E13: 30 | F13: 20 | G13: 40 | H13: WGV International | I13: 6 | J13: =IF(E13<=F13,"YES","")

Sheet Par Levels
A1: Row ID | B1: Property ID | C1: Property Name | D1: Item ID | E1: Item Name | F1: Target Qty (Par Level)
A2: PL001 | B2: P001 | C2: =IFERROR(INDEX(Properties!$B:$B,MATCH(B2,Properties!$A:$A,0)),"") -> 4521 NW 12th St Unit A, Oklahoma City, OK | D2: I001 | E2: =IFERROR(INDEX('Item Catalog'!$B:$B,MATCH(D2,'Item Catalog'!$A:$A,0)),"") -> Toilet Paper (4pk) | F2: 4
A3: PL002 | B3: P001 | C3: =IFERROR(INDEX(Properties!$B:$B,MATCH(B3,Properties!$A:$A,0)),"") -> 4521 NW 12th St Unit A, Oklahoma City, OK | D3: I002 | E3: =IFERROR(INDEX('Item Catalog'!$B:$B,MATCH(D3,'Item Catalog'!$A:$A,0)),"") -> Paper Towels | F3: 2
A4: PL003 | B4: P001 | C4: =IFERROR(INDEX(Properties!$B:$B,MATCH(B4,Properties!$A:$A,0)),"") -> 4521 NW 12th St Unit A, Oklahoma City, OK | D4: I003 | E4: =IFERROR(INDEX('Item Catalog'!$B:$B,MATCH(D4,'Item Catalog'!$A:$A,0)),"") -> Hand Soap | F4: 2
A5: PL004 | B5: P001 | C5: =IFERROR(INDEX(Properties!$B:$B,MATCH(B5,Properties!$A:$A,0)),"") -> 4521 NW 12th St Unit A, Oklahoma City, OK | D5: I005 | E5: =IFERROR(INDEX('Item Catalog'!$B:$B,MATCH(D5,'Item Catalog'!$A:$A,0)),"") -> Trash Bags | F5: 1
A6: PL005 | B6: P001 | C6: =IFERROR(INDEX(Properties!$B:$B,MATCH(B6,Properties!$A:$A,0)),"") -> 4521 NW 12th St Unit A, Oklahoma City, OK | D6: I012 | E6: =IFERROR(INDEX('Item Catalog'!$B:$B,MATCH(D6,'Item Catalog'!$A:$A,0)),"") -> Welcome Toiletry Kit | F6: 2
A7: PL006 | B7: P002 | C7: =IFERROR(INDEX(Properties!$B:$B,MATCH(B7,Properties!$A:$A,0)),"") -> 4523 NW 12th St Unit B, Oklahoma City, OK | D7: I001 | E7: =IFERROR(INDEX('Item Catalog'!$B:$B,MATCH(D7,'Item Catalog'!$A:$A,0)),"") -> Toilet Paper (4pk) | F7: 4
A8: PL007 | B8: P002 | C8: =IFERROR(INDEX(Properties!$B:$B,MATCH(B8,Properties!$A:$A,0)),"") -> 4523 NW 12th St Unit B, Oklahoma City, OK | D8: I002 | E8: =IFERROR(INDEX('Item Catalog'!$B:$B,MATCH(D8,'Item Catalog'!$A:$A,0)),"") -> Paper Towels | F8: 2
A9: PL008 | B9: P002 | C9: =IFERROR(INDEX(Properties!$B:$B,MATCH(B9,Properties!$A:$A,0)),"") -> 4523 NW 12th St Unit B, Oklahoma City, OK | D9: I003 | E9: =IFERROR(INDEX('Item Catalog'!$B:$B,MATCH(D9,'Item Catalog'!$A:$A,0)),"") -> Hand Soap | F9: 2
A10: PL009 | B10: P002 | C10: =IFERROR(INDEX(Properties!$B:$B,MATCH(B10,Properties!$A:$A,0)),"") -> 4523 NW 12th St Unit B, Oklahoma City, OK | D10: I005 | E10: =IFERROR(INDEX('Item Catalog'!$B:$B,MATCH(D10,'Item Catalog'!$A:$A,0)),"") -> Trash Bags | F10: 1
A11: PL010 | B11: P002 | C11: =IFERROR(INDEX(Properties!$B:$B,MATCH(B11,Properties!$A:$A,0)),"") -> 4523 NW 12th St Unit B, Oklahoma City, OK | D11: I012 | E11: =IFERROR(INDEX('Item Catalog'!$B:$B,MATCH(D11,'Item Catalog'!$A:$A,0)),"") -> Welcome Toiletry Kit | F11: 2
A12: PL011 | B12: P003 | C12: =IFERROR(INDEX(Properties!$B:$B,MATCH(B12,Properties!$A:$A,0)),"") -> 4525 NW 12th St Unit C, Oklahoma City, OK | D12: I001 | E12: =IFERROR(INDEX('Item Catalog'!$B:$B,MATCH(D12,'Item Catalog'!$A:$A,0)),"") -> Toilet Paper (4pk) | F12: 4
A13: PL012 | B13: P003 | C13: =IFERROR(INDEX(Properties!$B:$B,MATCH(B13,Properties!$A:$A,0)),"") -> 4525 NW 12th St Unit C, Oklahoma City, OK | D13: I002 | E13: =IFERROR(INDEX('Item Catalog'!$B:$B,MATCH(D13,'Item Catalog'!$A:$A,0)),"") -> Paper Towels | F13: 2
... A29: PL028 | B29: P008 | C29: =IFERROR(INDEX(Properties!$B:$B,MATCH(B29,Properties!$A:$A,0)),"") -> 215 Douglas Blvd Unit B, Oklahoma City, OK 73117 | D29: I005 | E29: =IFERROR(INDEX('Item Catalog'!$B:$B,MATCH(D29,'Item Catalog'!$A:$A,0)),"") -> Trash Bags | F29: 1

Sheet Restock Log
A1: Restock ID | B1: Property ID | C1: Property Name | D1: Date | E1: Item ID | F1: Item Name | G1: Qty Delivered | H1: Logged By | I1: Urgent Flag? | J1: Notes
A2: R001 | B2: P001 | C2: =IFERROR(INDEX(Properties!$B:$B,MATCH(B2,Properties!$A:$A,0)),"") -> 4521 NW 12th St Unit A, Oklahoma City, OK | D2: 46250 | E2: I001 | F2: =IFERROR(INDEX('Item Catalog'!$B:$B,MATCH(E2,'Item Catalog'!$A:$A,0)),"") -> Toilet Paper (4pk) | G2: 4 | H2: Maria | I2: N | J2: Routine turnover restock
A3: R002 | B3: P001 | C3: =IFERROR(INDEX(Properties!$B:$B,MATCH(B3,Properties!$A:$A,0)),"") -> 4521 NW 12th St Unit A, Oklahoma City, OK | D3: 46264 | E3: I002 | F3: =IFERROR(INDEX('Item Catalog'!$B:$B,MATCH(E3,'Item Catalog'!$A:$A,0)),"") -> Paper Towels | G3: 2 | H3: Maria | I3: N | J3: Routine turnover restock
A4: R003 | B4: P002 | C4: =IFERROR(INDEX(Properties!$B:$B,MATCH(B4,Properties!$A:$A,0)),"") -> 4523 NW 12th St Unit B, Oklahoma City, OK | D4: 46240 | E4: I001 | F4: =IFERROR(INDEX('Item Catalog'!$B:$B,MATCH(E4,'Item Catalog'!$A:$A,0)),"") -> Toilet Paper (4pk) | G4: 4 | H4: Carlos | I4: N | J4: Routine turnover restock
A5: R004 | B5: P002 | C5: =IFERROR(INDEX(Properties!$B:$B,MATCH(B5,Properties!$A:$A,0)),"") -> 4523 NW 12th St Unit B, Oklahoma City, OK | D5: 46254 | E5: I003 | F5: =IFERROR(INDEX('Item Catalog'!$B:$B,MATCH(E5,'Item Catalog'!$A:$A,0)),"") -> Hand Soap | G5: 2 | H5: Carlos | I5: N | J5: Routine turnover restock
A6: R005 | B6: P002 | C6: =IFERROR(INDEX(Properties!$B:$B,MATCH(B6,Properties!$A:$A,0)),"") -> 4523 NW 12th St Unit B, Oklahoma City, OK | D6: 46266 | E6: I012 | F6: =IFERROR(INDEX('Item Catalog'!$B:$B,MATCH(E6,'Item Catalog'!$A:$A,0)),"") -> Welcome Toiletry Kit | G6: 2 | H6: Carlos | I6: Y | J6: Guest reported empty toiletry bin - flagged urgent
A7: R006 | B7: P003 | C7: =IFERROR(INDEX(Properties!$B:$B,MATCH(B7,Properties!$A:$A,0)),"") -> 4525 NW 12th St Unit C, Oklahoma City, OK | D7: 46235 | E7: I005 | F7: =IFERROR(INDEX('Item Catalog'!$B:$B,MATCH(E7,'Item Catalog'!$A:$A,0)),"") -> Trash Bags | G7: 1 | H7: Maria | I7: N | J7: Routine turnover restock
A8: R007 | B8: P003 | C8: =IFERROR(INDEX(Properties!$B:$B,MATCH(B8,Properties!$A:$A,0)),"") -> 4525 NW 12th St Unit C, Oklahoma City, OK | D8: 46249 | E8: I012 | F8: =IFERROR(INDEX('Item Catalog'!$B:$B,MATCH(E8,'Item Catalog'!$A:$A,0)),"") -> Welcome Toiletry Kit | G8: 2 | H8: Maria | I8: N | J8: Routine turnover restock
A9: R008 | B9: P004 | C9: =IFERROR(INDEX(Properties!$B:$B,MATCH(B9,Properties!$A:$A,0)),"") -> 4527 NW 12th St Unit D, Oklahoma City, OK | D9: 46256 | E9: I001 | F9: =IFERROR(INDEX('Item Catalog'!$B:$B,MATCH(E9,'Item Catalog'!$A:$A,0)),"") -> Toilet Paper (4pk) | G9: 4 | H9: Carlos | I9: N | J9: Routine turnover restock
A10: R009 | B10: P004 | C10: =IFERROR(INDEX(Properties!$B:$B,MATCH(B10,Properties!$A:$A,0)),"") -> 4527 NW 12th St Unit D, Oklahoma City, OK | D10: 46270 | E10: I002 | F10: =IFERROR(INDEX('Item Catalog'!$B:$B,MATCH(E10,'Item Catalog'!$A:$A,0)),"") -> Paper Towels | G10: 2 | H10: Carlos | I10: N | J10: Routine turnover restock
A11: R010 | B11: P005 | C11: =IFERROR(INDEX(Properties!$B:$B,MATCH(B11,Properties!$A:$A,0)),"") -> 1892 SE Grand Blvd, Oklahoma City, OK | D11: 46174 | E11: I009 | F11: =IFERROR(INDEX('Item Catalog'!$B:$B,MATCH(E11,'Item Catalog'!$A:$A,0)),"") -> LED Light Bulb | G11: 2 | H11: James | I11: N | J11: Replaced bulbs at lease start
A12: R011 | B12: P006 | C12: =IFERROR(INDEX(Properties!$B:$B,MATCH(B12,Properties!$A:$A,0)),"") -> 1140 SW 44th St, Oklahoma City, OK | D12: 46218 | E12: I011 | F12: =IFERROR(INDEX('Item Catalog'!$B:$B,MATCH(E12,'Item Catalog'!$A:$A,0)),"") -> HVAC Air Filter 16x20 | G12: 1 | H12: James | I12: N | J12: New HVAC filter
A13: R012 | B13: P007 | C13: =IFERROR(INDEX(Properties!$B:$B,MATCH(B13,Properties!$A:$A,0)),"") -> 215 Douglas Blvd Unit A, Oklahoma City, OK 73117 | D13: 46223 | E13: I009 | F13: =IFERROR(INDEX('Item Catalog'!$B:$B,MATCH(E13,'Item Catalog'!$A:$A,0)),"") -> LED Light Bulb | G13: 2 | H13: James | I13: N | J13: Routine maintenance visit
... A16: R015 | B16: P008 | C16: =IFERROR(INDEX(Properties!$B:$B,MATCH(B16,Properties!$A:$A,0)),"") -> 215 Douglas Blvd Unit B, Oklahoma City, OK 73117 | D16: 46204 | E16: I009 | F16: =IFERROR(INDEX('Item Catalog'!$B:$B,MATCH(E16,'Item Catalog'!$A:$A,0)),"") -> LED Light Bulb | G16: 2 | H16: James | I16: N | J16: Routine maintenance visit

Sheet Repair & Photo Notes
A1: Note ID | B1: Property ID | C1: Property Name | D1: Date | E1: Category | F1: Description | G1: Photo Filename / Link | H1: Status
A2: N001 | B2: P001 | C2: =IFERROR(INDEX(Properties!$B:$B,MATCH(B2,Properties!$A:$A,0)),"") -> 4521 NW 12th St Unit A, Oklahoma City, OK | D2: 46264 | E2: Repair | F2: Leaking faucet in kitchen | G2: photo_p001_faucet.jpg | H2: Open
A3: N002 | B3: P003 | C3: =IFERROR(INDEX(Properties!$B:$B,MATCH(B3,Properties!$A:$A,0)),"") -> 4525 NW 12th St Unit C, Oklahoma City, OK | D3: 46249 | E3: Restock Issue | F3: Guest used all toiletries by day 2 of stay | G3: photo_p003_toiletries.jpg | H3: Resolved
A4: N003 | B4: P005 | C4: =IFERROR(INDEX(Properties!$B:$B,MATCH(B4,Properties!$A:$A,0)),"") -> 1892 SE Grand Blvd, Oklahoma City, OK | D4: 46213 | E4: General | F4: Tenant requested replacement mailbox key | H4: Resolved
A5: N004 | B5: P006 | C5: =IFERROR(INDEX(Properties!$B:$B,MATCH(B5,Properties!$A:$A,0)),"") -> 1140 SW 44th St, Oklahoma City, OK | D5: 46218 | E5: Repair | F5: HVAC filter housing cracked; filter replaced, housing taped temporarily | G5: photo_p006_hvac.jpg | H5: Open
A6: N005 | B6: P002 | C6: =IFERROR(INDEX(Properties!$B:$B,MATCH(B6,Properties!$A:$A,0)),"") -> 4523 NW 12th St Unit B, Oklahoma City, OK | D6: 46266 | E6: Restock Issue | F6: Guest complaint re: empty toiletries, urgent restock requested | G6: photo_p002_toiletries.jpg | H6: Open
A7: N006 | B7: P007 | C7: =IFERROR(INDEX(Properties!$B:$B,MATCH(B7,Properties!$A:$A,0)),"") -> 215 Douglas Blvd Unit A, Oklahoma City, OK 73117 | D7: 46174 | E7: Repair | F7: Screen door hinge broken | G7: photo_p007_screendoor.jpg | H7: Resolved
